NCT05361798,
NCT04040569,
NCT03327064,
NCT03656133,
NCT04444622,
NCT04692675,
NCT03436745,
NCT04829136,
NCT04406714,
NCT05175092,
NCT04209595,
NCT02203903,
NCT05417321,
NCT02124421,
NCT04594096,
NCT05155046,
NCT04102436,
NCT03233724,
NCT03987386,
NCT05339022,
NCT05487235,
NCT05029596,
NCT03503344,
NCT02211755,
NCT05254171,
NCT04699838,
NCT04895592,
NCT02600949,
NCT03652545,
NCT05170399,
NCT04815083,
NCT04266522,
NCT05425940,
NCT04592653,
NCT01946854,
NCT04665739,
NCT05178888,
NCT05469334,
NCT03025256,
NCT04289779,
NCT04047602,
NCT04170075,
NCT03598309,
NCT05377996,
NCT03843294,
NCT05147350,
NCT05521789,
NCT04083183,
NCT04486378,
NCT04593277,
NCT03006172,
NCT05125016,
NCT05374512,
NCT04793958,
NCT04538742,
NCT03976843,
NCT04961996,
NCT03424005,
NCT04928846,
NCT03695380,
NCT03755102,
NCT04689828,
NCT04870112,
NCT04262856,
NCT04907968,
NCT04497844,
NCT05117242,
NCT04440943,
NCT03767244,
NCT05120349,
NCT04997018,
NCT04054752,
NCT00781612,
NCT04216290,
NCT04548752,
NCT04592913,
NCT04381832,
NCT05053152,
NCT02997228,
NCT04914897,
NCT04844749,
NCT05211895,
NCT04761328,
NCT03775265,
NCT03964727,
NCT02913313,
NCT02912559,
NCT04989283,
NCT04068896,
NCT05295927,
NCT04720157,
NCT03793179,
NCT03744468,
NCT03939897,
NCT05362773,
NCT03251378,
NCT03598257,
NCT04071236,
NCT04090398,
NCT04164082,
NCT05308446,
NCT02945579,
NCT04221503,
NCT03666273,
NCT05386550,
NCT04208490,
NCT05494762,
NCT04181060,
NCT04510285,
NCT04972110,
NCT04446351,
NCT03972527,
NCT03793166,
NCT04589845,
NCT04444921,
NCT04585815,
NCT03866382,
NCT03833154,
NCT05063552,
NCT03660826,
NCT03396445,
NCT02466971,
NCT04764474,
NCT03914612,
NCT04068194,
NCT04466475,
NCT04924075,
NCT05415072,
NCT02595866,
NCT01351103,
NCT04514497,
NCT05176483,
NCT02194738,
NCT04579757,
NCT04561362,
NCT03317158,
NCT05081180,
NCT03952585,
NCT04858334,
NCT04843566,
NCT04751370,
NCT03816345,
NCT03816358,
NCT03375320,
NCT02834013,
NCT04092283,
NCT03212274,
NCT02693535,
NCT02408861,
NCT04634552,
NCT04310007,
NCT04334941,
NCT04711135,
NCT05140382,
NCT01810913,
NCT05267106,
NCT04267848,
NCT05093322,
NCT04215978,
NCT03377491,
NCT03811015,
NCT04714372,
NCT03114319,
NCT03942653,
NCT02465060,
NCT04190550,
NCT03391778,
NCT04058756,
NCT04739800,
NCT04394858,
NCT04402788,
NCT05286827,
NCT03513952,
NCT03904862,
NCT04674683,
NCT05139602,
NCT04708418,
NCT05050097,
NCT04142619,
NCT04936308,
NCT03031730,
NCT04664179,
NCT04336982,
NCT05376553,
NCT05256225,
NCT03475186,
NCT05020665,
NCT04887857,
NCT04778397,
NCT05254743,
NCT04544592,
NCT04989959,
NCT05521048,
NCT05120284,
NCT05361811,
NCT04866810,
NCT04364230,
NCT05125471,
NCT05403541,
NCT05336812,
NCT05146739,
NCT03128034,
NCT03334305,
NCT04997902,
NCT05112601,
NCT04919642,
NCT04950075,
NCT04339738,
NCT05275439,
NCT04404660,
NCT03786926,
NCT03779113,
NCT01896999,
NCT05099003,
NCT04522323,
NCT04768881,
NCT03180268,
NCT04201457,
NCT03712605,
NCT03919071,
NCT03190915,
NCT02923778,
NCT04145115,
NCT04323046,
NCT03363373,
NCT04799275,
NCT05164094,
NCT05265273,
NCT05218096,
NCT04951622,
NCT04815876,
NCT05244070,
NCT04965493,
NCT04920617,
NCT04759586,
NCT05023980,
NCT04666038,
NCT04662255,
NCT03914625,
NCT03907488,
NCT03739814,
NCT02443077,
NCT02227251,
NCT05086315,
NCT04797780,
